,Title,URL
0,中国成功发射两颗北斗导航卫星 首次加装搜救设备,https://new.qq.com/omn/20180920/20180920A09A1T.html
1,少林寺等景区门票今起降价 国庆出游能省多少钱？,https://new.qq.com/omn/20180920/20180920A01H2M.html
2,俄罗斯军机抵近日本周边空域飞行 日战机紧急升空,https://new.qq.com/omn/20180920/20180920A01KEG.html
3,故宫将继续扩大开放：延禧宫筹建外国文物馆,https://new.qq.com/omn/20180920/20180920A01H3A.html
4,新京报评论：又现“霸座女” 处置不能总在下车后,https://new.qq.com/omn/20180920/20180920A04OX7.html
5,巴西众院弹劾总统案获通过 罗塞夫政党承认落败,http://news.qq.com/a/20160418/023091.htm
6,国际媒体头条速览：朝韩把球踢给了美国 华盛顿该作何反应,http://new.qq.com/omn/20180920/20180920A0LWL400
7,谈退休接班人回应恶意中伤 马云在达沃斯演讲的所有要点都在这了,http://new.qq.com/zt/template/?id=FIN2018091700432500
8,直击公安部统一销毁非法枪爆物 现场大量非法枪支铺满地,http://new.qq.com/cmsn/20180920/TWF2018092000757500
9,江苏国安公布两起台湾间谍案 三男子这样被台湾间谍拉下水,http://new.qq.com/zt/template/?id=TWF2018091504114300
10,首位报名者出现！贾跃亭所持乐视股权拍卖在即,http://new.qq.com/zt/template/?id=FIN2018092000741800
11,云南一幼儿园长被指猥亵多名女童 以补课为名让家长送孩子过去,http://new.qq.com/cmsn/20180920/TWF2018092000486800
12,河南救援队赴粤救灾返程被卡 湖南高速回应：收费符合政策规定,http://new.qq.com/omn/20180920/20180920A0L33S.html
13,选前最后一刻，安倍和石破茂展开最后一次拉票 静待结果,http://new.qq.com/zt/template/?id=WLD2018091700884000
14,宜家将在中国召回3款壁灯共50197盏 已致两名儿童触电,http://new.qq.com/omn/20180919/20180919A21RPV.html
15,日本知名导演北野武：年轻人安于现状的态度令人堪忧,http://new.qq.com/omn/20180919/20180919A2246B.html
16,“创业之王”王兴：错失人人、失之饭否、终成美团,http://new.qq.com/cmsn/20180920/TEC2018092000712200
17,"我们采访了""刷收视""团队，挖出了收视造假背后的惊人内幕",http://new.qq.com/omn/20180920/20180920A09ZPR.html
18,为何有些朝代永远也上不了电视？那些被遗忘的“小透明”何去何从,http://new.qq.com/omn/20180919/20180919A1ZS8Z.html
19,Ins都要出购物app了 社交媒体的力量到底有多强大？,http://new.qq.com/cmsn/20180920/20180920007008.html
20,在线影展：被微信“支配”的生活 逃离又贴近,http://new.qq.com/omn/20180918/20180918A23V23.html
21,自主招生新趋势：名校招生告别“裸分时代”，重视学生真正含金量,http://new.qq.com/omn/20180920/20180920A0NH4Y00
22,今日话题丨台风过境，玻璃幕墙为何成为城市上空的“杀手”？,http://new.qq.com/cmsn/20180920/20180920004242.html
23,台风“山竹”过境，澳门赌场停摆的32小时,http://new.qq.com/cmsn/20180920/20180920004177.html
24,高云翔案迎第七审，本人戴墨镜面无表情，受害人或曝光更多细节,http://new.qq.com/omn/20180920/20180920A06FK3.html
25,来自官方的报复？封杀欧足联的C罗被反攻 这裁判到底有多瞎,http://new.qq.com/cmsn/20180920/20180920004420.html
26,英特尔公司创始人之一诺伊斯：从偷猪男孩到硅谷大腕,http://new.qq.com/omn/20180920/20180920A08X5Y.html
27,紫禁城中内务府有多厉害？皇帝衣食住行都归他们管,http://new.qq.com/omn/20180915/20180915A14ANM.html
28,贾樟柯的江湖往事：不控诉，也不歌颂，他只关注那些绝望的人,http://new.qq.com/omn/20180919/20180919A0YP1I.html
29,“天价账单”背后：餐厅老板持股5家公司，有公司因发票违法被罚,http://new.qq.com/omn/20180920/20180920A0CXZ7.html
30,湖南高一新生陡坡蛙跳死亡 官方通报：校长等四人被立案调查,http://new.qq.com/cmsn/20180920/TWF2018092000278900
31,贩毒、暴力活动猖獗！墨西哥一集装箱卡车中现150具尸体,http://new.qq.com/omn/20180920/20180920A0B6UU.html
32,广东3名镇干部动员拆违遭户主刺伤 2人因伤势过重身亡,http://new.qq.com/cmsn/20180920/20180920004708.html
33,台胞申办居住证两次将除籍、限任公职？陆委会：正研议,http://new.qq.com/omn/20180920/20180920A0GRQM.html
34,十三邀丨女听众太依赖电台热线 遭拒绝后竟喝了农药,http://new.qq.com/omn/20180919/20180919V19SPF.html
35,少林寺峨眉山等知名景区门票今起降价 国庆出游能省多少钱？,http://new.qq.com/omn/20180920/20180920A01H2M.html
36,阿里成立芯片公司取名平头哥 寓意“生死看淡，不服就干”,http://new.qq.com/omn/20180920B0I2NP.html
37,大麻疯狂的背后：这个大佬又赢了,http://new.qq.com/omn/20180920A0K15P.html
38,马云：友好合作前提遭破坏，阿里无法完成在美创造百万就业承诺,http://new.qq.com/omn/20180920A0K0KF.html
39,婴幼儿奶粉新不新鲜，标准说了算！,http://new.qq.com/omn/20180920A0K1LL.html
40,日媒：日本蔬菜受灾缺货 中国蔬菜成“救命稻草”,http://new.qq.com/omn/20180920A0JCC5.html
41,明年开始，购房人将迎来一大利好！,http://new.qq.com/omn/20180920A0D8PV.html
42,女首富周群飞身家已蒸发600亿，但蓝思科技股价仍陷入一危机中,http://new.qq.com/omn/20180920A0ELFJ.html
43,美团主战场：外卖毛利率弹性大，生活服务战火或升级,http://new.qq.com/omn/20180920A0J9PQ.html
44,消费降级还是升级？ 蔡�P：消费的关键在于以改革增加收入,http://new.qq.com/omn/20180920A0J4EJ.html
45,"王兴""九死一生""！美团刚刚上市:市值""碾压""刘强东雷军",http://new.qq.com/omn/20180920A0J44N.html
46,摩根大通亚太区副主席：对劳动力再教育是非常重要的,http://finance.qq.com/a/20180920/006338.htm
47,美团点评港股上市，开盘价每股72.9港元,http://new.qq.com/omn/20180920A0G4KY.html
48,美团上市沈南鹏公开点赞：是十几年投资历程中最重要的一个决定,http://new.qq.com/omn/20180920A0IDNB.html
49,AI观点交锋达沃斯：告别担忧，寻找落地,http://new.qq.com/omn/20180920A0ICWS.html
50,西安发布通知：开发商无权承诺所售商品房对应学区,http://new.qq.com/omn/20180920A0IAUM.html
51,美团点评上市首日市值超越京东，王兴：特别感谢乔布斯,http://new.qq.com/omn/20180920A0I7AE.html
52,阿里巴巴获杭州第一张自动驾驶牌照,http://finance.qq.com/a/20180920/006112.htm
53,中国民生投资集团副总裁：中国在民生投入过大 但实体经济未增长,http://finance.qq.com/a/20180920/006086.htm
54,清华教授：房租不可能无限地涨下去 要给予租客更多保护,http://finance.qq.com/a/20180920/006063.htm
55,1顿饭吃了41万，都吃了什么？,http://new.qq.com/omn/20180920A0HX1G.html
56,摩根大通亚太区副主席：中国亿万富翁人数比美国还要多,http://finance.qq.com/a/20180920/005929.htm
57,刚宣布退休的马云又出手了！亲手给滴滴按下刹车键！,http://new.qq.com/omn/20180920A0HMI6.html
58,纽约大学教授：中国在机器人、AI方面领先于美国,http://finance.qq.com/a/20180920/005668.htm
59,王兴在美团上市现场致辞连说7个感谢 还感谢乔布斯发明智能手机,http://new.qq.com/omn/20180920A0H98O.html
60,首创置业撤回申请四度返A失败 上半年IPO撤单量上升179%,http://new.qq.com/omn/20180920A0GZN3.html
61,马云预言新制造席卷一切 成立“平头哥”五年内望解决芯片问题,http://new.qq.com/omn/20180920A0GSUD.html
62,美团点评港交所敲钟，争议中前途何方？,http://new.qq.com/omn/20180920A0GFOL.html
63,西安万科土储下滑可售项目减少，“老大”位置恐失守,http://new.qq.com/omn/20180920A0EISF.html
64,新款iPhone明天正式发货：代工厂称三班倒生产保证供货,http://finance.qq.com/a/20180920/005176.htm
65,摩根大通亚太区副主席：今年只有美国经济实现发展，其他都下滑,http://finance.qq.com/a/20180920/005149.htm
66,162亿！国民汽车奇瑞“卖身”自救，宝能、五粮液谁最终接盘？,http://finance.qq.com/a/20180920/005106.htm
67,中国民生投资集团副总裁：中国金融杠杆比较高，资产泡沫也存在,http://finance.qq.com/a/20180920/005037.htm
68,美团刚刚上市，背靠阿里巴巴的饿了么已经发起了新战役,http://new.qq.com/omn/20180920A0FF4P.html
69,中国结算修订开户规则：银行理财产品可以直投股票,http://new.qq.com/omn/20180920A0F5TC.html
70,纽约大学教授：贸易战争的好处可能会降低技术上的不平等,http://finance.qq.com/a/20180920/004918.htm
71,台风过境，澳门赌场停摆的32小时,http://finance.qq.com/a/20180920/004852.htm
72,共享单车泡沫破灭，自行车产业链的每个环节都被波及,http://new.qq.com/omn/20180920A0DTXN.html
73,伦敦政治经济学院教授：全球经济情况不好，不应该有太乐观情绪,http://finance.qq.com/a/20180920/004781.htm
74,央行今日开展700亿元逆回购 净回笼300亿元,http://finance.qq.com/a/20180920/004761.htm
75,美团上市在即，沈南鹏、张磊、徐新齐发声,http://new.qq.com/omn/20180920A0ESNC.html
76,美团简史：八年与八个关键词,http://new.qq.com/omn/20180920A0CBR9.html
77,红杉资本沈南鹏：自始至终都看好美团点评,http://new.qq.com/omn/20180920A0CBNO.html
78,38家大型私募无一家盈利 可谓惨烈！,http://new.qq.com/omn/20180920A0DJJ9.html
79,股价惨遭腰斩，海辰药业董事长第5次增持，力挽狂澜还是无奈？,http://new.qq.com/omn/20180920A0CRM4.html
80,近6600只私募基金前8个月亏损,http://new.qq.com/omn/20180920A042NN.html
81,央行两周内二度开会研究加强民企金融服务 释放什么信号？,http://new.qq.com/omn/20180920A0E3QR.html
82,进口超市入驻国内电商已不是新鲜事 但你知道它们如何选品吗？,http://new.qq.com/omn/20180920A0CTA6.html
83,黑龙江伊春：林蛙下山越冬，遭遇半路拦截“灭绝式”捕猎,http://new.qq.com/omn/20180920A0D6O7.html
84,A股反弹预热？香港加息！6600只私募基金亏损！伦敦房价大跌,http://new.qq.com/omn/20180920A0DI2Q.html
85,欢瑞世纪股票期权激励“泡汤”  旗下签约李易峰、杨紫等艺人,http://new.qq.com/omn/20180920A0DFD0.html
86,关颖首晒三胎儿子正脸照，小家伙长相可爱呆萌十足,http://new.qq.com/omn/20180920A0I02P.html
87,贵圈丨消失的狗仔队：卓伟称输得起 风行摄影师转做电焊工,http://ent.qq.com/a/20180920/003141.htm
88,大S回应送命题 朱孝天爱杠东北老婆《流星花园》是什么神仙剧组,http://new.qq.com/omn/20180919A23W3P.html
89,蒋依依“小红果”遭网友diss，这些观众为何走不出角色？,http://new.qq.com/omn/20180920A0NBIN.html
90,比起曾经的“大流量”，我更喜欢现在的周笔畅,http://new.qq.com/omn/20180920A0OD1L.html
91,关颖四年产三子不敢封肚，台湾名媛也要当生子机器吗？,http://new.qq.com/omn/20180920A0NZSV.html
92,关颖晒儿女近照 CC手牵三胎弟弟姐姐力MAX,http://new.qq.com/omn/20180920A0NM7M.html
93,杨洋周一围甜蜜对视，这是什么魔鬼CP？,http://new.qq.com/omn/20180920A0NS5H.html
94,秦岚拍机场照自带打光师，可爱凹造型萌翻粉丝,http://new.qq.com/omn/20180920A0NMQ1.html
95,钟丽缇张伦硕又玩变装，还意外透露了第四胎情况,http://new.qq.com/omn/20180920A0MBLY.html
96,《吉祥三宝》爸爸演唱者去世，“女儿”英格玛成年照曝光美艳动人,http://new.qq.com/omn/20180920A0M170.html
97,佘诗曼最新时尚大片曝光，摩登女郎造型力证并不是“时尚灾难”,http://new.qq.com/omn/20180920A0LM15.html
98,《鬼吹灯之天星术》选角受捧，可网友觉得还有一人比张涵予更合适,http://new.qq.com/omn/20180920A0IMBZ.html
99,布仁巴雅尔生前仍为女儿新歌做宣传，携妻子慰问百岁老人,http://new.qq.com/omn/20180920A0HO9L.html
100,吴青峰《不及雨》将被张碧晨重新诠释，粉丝们炸锅了,http://new.qq.com/omn/20180920A0H34G.html
101,林志玲穿长裙被说没腰身，网友：下垂好厉害,http://new.qq.com/omn/20180920A0KWE2.html
102,张伦硕为钟丽缇庆生，两人穿复古风斗舞，舞姿性感画风搞笑,http://new.qq.com/omn/20180920A0L573.html
103,周润发谈当初不愿娶发嫂原因：不想给她包袱,http://new.qq.com/omn/20180920A0K8UG.html
104,网友公园偶遇周润发晨跑，被叫发哥礼貌竖大拇指,http://new.qq.com/omn/20180920A0JY64.html
105,导演车澈respect吴亦凡：他是为华语说唱站出来的人,http://new.qq.com/omn/20180920A05KJR.html
106,郭富城默认太太方媛怀二胎：我这个年纪能当爸爸是上天恩赐,http://new.qq.com/omn/20180920A02TQP.html
107,《如懿传》嘉妃被皇上怼，�忮�被太后怼，网友：看着好想笑,http://new.qq.com/omn/20180920A0IGVC.html
108,把儿子送进养老院？这部电影创意绝伦,http://new.qq.com/omn/20180920A0I879.html
109,欧弟带大女儿去看望坐月子的老婆，父女俩开心打闹遭“嫌弃”,http://new.qq.com/omn/20180919A227VK.html
110,杨幂与刘恺威真离婚？网友道出真相：杨幂户口本上是已婚,http://new.qq.com/omn/20180919A1XYNZ.html
111,“吉祥三宝”父亲布仁巴雅尔因病去世，享年58岁,http://new.qq.com/omn/20180920A0EG0M.html
112,收山后的黄子华选择多陪妈妈在一起 出行还搭巴很接地气,http://new.qq.com/omn/20180920A0F3YH.html
113,她为20秒钢管舞造成永久损伤，拍《延禧攻略》只因戏服过一百块,http://new.qq.com/omn/20180920A0G8PW.html
114,鹿晗亲自给粉丝打电话，迷妹们激动得从床上摔下来,http://new.qq.com/omn/20180920A0G6M0.html
115,应采儿意外“治好”程莉莎的洁癖症，主动跟谢娜同吃火锅,http://new.qq.com/omn/20180920A0G4RD.html
116,郭晓冬的13个字，让程莉莎爱得很彻底，付辛博：真的厉害,http://new.qq.com/omn/20180920A0ERUY.html
117,一线丨高云翔现身第七审庭审表情严肃 要求申请被害人出庭作证,http://ent.qq.com/a/20180920/005120.htm
118,倪萍美国5000尺大豪宅曝光，证明其这些年并不落魄,http://new.qq.com/omn/20180919A24YR8.html
119,蒋欣版顾曼桢和华妃的感觉完全不一样，演技真的不得不服蒋欣,http://new.qq.com/omn/20180919A1ZSKF.html
120,《如懿传》重塑《还珠格格》四大角色，皇后好善良，容嬷嬷扎得好,http://new.qq.com/omn/20180920A0D5WI.html
121,同样古装剧迪丽热巴这个角色，比《三生三世》的凤九还美,http://new.qq.com/omn/20180920A0D6WL.html
122,出道多年他终因《琅琊榜》成名，网友感叹没有人比他更会演反派了,http://new.qq.com/omn/20180919A1HN8I.html
123,景甜谈恋情后资源下降，和微商品牌合作，努力宣传却惨遭嫌弃？,http://new.qq.com/omn/20180919A1FDFI.html
